case,source,n,b,d,c,k,method,gpu_median_ms,gpu_min_ms,gpu_max_ms,wall_median_ms,speedup,id_mismatches,rounds,repeats
synthetic1m,synthetic,1048576,1048576,128,128,64,baseline,41.8897781,41.8843117,42.0187912,41.8939144,1,0,11,7
synthetic1m,synthetic,1048576,1048576,128,128,64,fused_t16,36.7458267,36.7417107,36.7563972,36.7514461,1.13998736,1651,11,7
synthetic1m,synthetic,1048576,1048576,128,128,64,fused_t32,36.7049751,36.6944046,36.7159042,36.7099697,1.14125614,1075,11,7
synthetic1m,synthetic,1048576,1048576,128,128,64,fused_t16_batch8192,38.762455,38.7015686,38.7838402,38.7659643,1.08067918,1651,11,7
synthetic1m,synthetic,1048576,1048576,128,128,64,fused_t32_batch8192,39.4713478,39.4503174,39.59338,39.4761004,1.06127053,1075,11,7
deep1m,ivfpq,1000000,1000000,96,128,64,baseline,30.6047916,30.5941906,30.6152458,30.6089001,1,0,11,7
deep1m,ivfpq,1000000,1000000,96,128,64,fused_t8,19.0791588,19.0765495,19.0842915,19.0841764,1.60409544,13729,11,7
deep1m,ivfpq,1000000,1000000,96,128,64,fused_t16,21.2861271,21.2846489,21.2867699,21.2905003,1.43778112,13567,11,7
deep1m,ivfpq,1000000,1000000,96,128,64,fused_t8_batch8192,21.5411739,21.5390911,21.5452213,21.5457954,1.42075783,13729,11,7
deep1m,ivfpq,1000000,1000000,96,128,64,fused_t16_batch8192,24.6373196,24.6301022,24.6454487,24.6421291,1.24221272,13567,11,7
deep8192,ivfpq,1000000,8192,96,128,64,baseline,0.250226289,0.250025123,0.250678867,0.251654,1,0,11,7
deep8192,ivfpq,1000000,8192,96,128,64,fused_t8,0.179936007,0.179149717,0.180900574,0.181278571,1.39064045,114,11,7
deep8192,ivfpq,1000000,8192,96,128,64,fused_t16,0.201965705,0.201174855,0.203273147,0.203285857,1.23895435,114,11,7
deep1m_c256_k128,ivfpq,1000000,1000000,96,256,128,baseline,61.3477211,61.3320656,61.3546333,61.3530066,1,0,11,7
deep1m_c256_k128,ivfpq,1000000,1000000,96,256,128,fused_t8,41.2402954,41.2266502,41.2461929,41.2447797,1.48756745,39013,11,7
deep1m_c256_k128,ivfpq,1000000,1000000,96,256,128,fused_t16,43.8807907,43.8771935,43.8820572,43.8857844,1.39805414,38363,11,7
deep1m_c256_k128,ivfpq,1000000,1000000,96,256,128,fused_t8_batch8192,46.6149521,46.6016731,46.6282005,46.6194509,1.31605243,39013,11,7
deep1m_c256_k128,ivfpq,1000000,1000000,96,256,128,fused_t16_batch8192,50.5124893,50.4934807,50.5227013,50.5170187,1.21450599,38363,11,7
